{
  "Sample": {
    "Title": "Integrate an app that authenticates users and calls Microsoft Graph using the multi-tenant integration pattern (SaaS)",
    "Level": 400,
    "Client": "ASP.NET Core Web App",
    "Service": "Microsoft Graph",
    "RepositoryUrl": "microsoft-identity-platform-aspnetcore-webapp-tutorial",
    "Endpoint": "Microsoft identity platform",
    "platforms": [ "aspnetcore" ],
    "Description": "Integrate an app that authenticates users and calls Microsoft Graph using the multi-tenant integration pattern (SaaS)",
    "Languages": [ "aspnetcore", "csharp" ],
    "Products": [ "azure-active-directory", "ms-graph", "microsoft-identity-web", "ms sql server" ]
  },

  /*
    This section describes different regions of readme file
  */
  "ReadmeScenario": {
    "IncludeFilePath": "../ReadmeFiles/ReadmeScenario.md",
    "Image": "./ReadmeFiles/topology.png",
    /* put additional notes, will be displayed right after image*/
    "AdditionalNotesIncludeFilePath": ""
  },

  "ReadmePrerequirements": {
    "FreeText": "",
    "IncludeFilePath": ""
  },

  "ReadmeSetup": {
    "FreeText": "",
    "IncludeFilePath": "",
    "CertificateOption": "1", /* 1 when a certificate can be used instead of secret*/
    "CreateProjectIncludeFilePath": "",
    "AppRegistrationIncludeFilePath": "",
    "RunSampleIncludeFilePath": ""
  },

  /* It either can be a text or link to another readme file */
  "ReadmeTroubleshooting": {
    "IncludeFilePath": "../ReadmeFiles/ReadmeTroubleshooting.md"
  },

  /* It either can be a text or link to another readme file */
  "ReadmeNextSteps": {
    "FreeText": "",
    "IncludeFilePath": ""
  },

  /* It either can be a text or link to another readme file */
  "ReadmeContributing": {
    "FreeText": "",
    "IncludeFilePath": ""
  },

  /* It either can be a text or link to another readme file */
  "ReadmeHowTheCodeWasCreated": {
    "IncludeFilePath": "../ReadmeFiles/ReadmeHowTheCodeWasCreated.md"
  },

  /* It either can be a text or link to another readme file */
  "ReadmeAboutTheCode": {
    "IncludeFilePath": "../ReadmeFiles/ReadmeAboutTheCode.md"
  },

  /* It either can be a text or link to another readme file */
  "ReadmeAzureDeploy": {
    "IncludeFilePath": ""
  },

  /* It either can be a text or link to another readme file */
  "ReadmeExploreTheSample": {
    "IncludeFilePath": "../ReadmeFiles/ReadmeExploreTheSample.md"
  },

  /* It either can be a text or link to another readme file */
  "ReadmeLearnMore": {
    "IncludeFilePath": ""
  },

  /*
    This section describes the Azure AD Applications to configure, and their dependencies
  */
  "AADApps": [
    {
      "Id": "webApp",
      "Name": "WebApp_MultiTenant_v2",
      "Kind": "WebApp",
      "Audience": "AzureADMultipleOrgs",
      "HomePage": "https://localhost:44321/",
      "ReplyUrls": "https://localhost:44321/, https://localhost:44321/signin-oidc, https://localhost:44321/Onboarding/ProcessCode",
      "LogoutUrl": "https://localhost:44321/signout-oidc",
      "PasswordCredentials": "Auto",
      "RequiredResourcesAccess": [
        {
          "Resource": "Microsoft Graph",
          "DelegatedPermissions": [ "User.Read.All" ]
        }
      ],
      "OptionalClaims": {
        "IdTokenClaims": [ "acct" ]
      },
      "SampleSubPath": "2-WebApp-graph-user\\2-3-Multi-Tenant"
    }
  ],

  /*
    This section describes how to update the code in configuration files from the apps coordinates, once the apps
    are created in Azure AD.
    Each section describes a configuration file, for one of the apps, it's type (XML, JSon, plain text), its location
    with respect to the root of the sample, and the mappping (which string in the config file is mapped to which value
  */
  "CodeConfiguration": [
    {
      "App": "webApp",
      "SettingKind": "JSON",
      "SettingFile": "\\..\\appsettings.json",
      "Mappings": [
        {
          "key": "ClientId",
          "value": ".AppId"
        },
        {
          "key": "TenantId",
          "value": "'organizations'"
        },
        {
          "key": "Domain",
          "value": "$tenantName"
        },
        {
          "key": "ClientSecret",
          "value": ".AppKey"
        }
      ]
    }
  ]
}
