{
  "Sample": {
    "Title": "Integrate a web app and Web Api that authenticates users and calls a custom Web API and Microsoft Graph using the multi-tenant integration pattern (SaaS)",
    "Level": 400,
    "Client": "ASP.NET Core Web App",
    "Service": "ASP.NET Core Web API",
    "RepositoryUrl": "microsoft-identity-platform-aspnetcore-webapp-tutorial",
    "Endpoint": "AAD v2.0",
    "Products": [ "azure", "dotnet", "azure-active-directory", "ms-graph" ],
    "Platform": "AspNetCore",
    "Languages": [ "csharp" ],
    "Library": [ "Microsoft.Identity.Web" ],
    "Description": "Integrate a web app and Web Api that authenticates users and calls a protected Web API and Microsoft Graph using the multi-tenant integration pattern (SaaS)"
  },

  /*
    This section describes different regions of readme file
  */
  "ReadmeScenario": {
    "IncludeFilePath": "../ReadmeFiles/ReadmeScenario.md",
    "Image": "./ReadmeFiles/topology.png",
    /* put additional notes, will be displayed right after image*/
    "AdditionalNotesIncludeFilePath": ""
  },

  "ReadmePrerequirements": {
    "FreeText": "",
    "IncludeFilePath": ""
  },

  "ReadmeSetup": {
    "FreeText": "",
    "IncludeFilePath": "",
    "CertificateOption": "1", /* 1 when a certificate can be used instead of secret*/
    "CreateProjectIncludeFilePath": "",
    "AppRegistrationIncludeFilePath": "",
    "RunSampleIncludeFilePath": ""
  },

  /* It either can be a text or link to another readme file */
  "ReadmeTroubleshooting": {
    "IncludeFilePath": ""
  },

  /* It either can be a text or link to another readme file */
  "ReadmeNextSteps": {
    "FreeText": "",
    "IncludeFilePath": ""
  },

  /* It either can be a text or link to another readme file */
  "ReadmeContributing": {
    "FreeText": "",
    "IncludeFilePath": ""
  },

  /* It either can be a text or link to another readme file */
  "ReadmeHowTheCodeWasCreated": {
    "IncludeFilePath": "../ReadmeFiles/ReadmeHowTheCodeWasCreated.md"
  },

  /* It either can be a text or link to another readme file */
  "ReadmeAboutTheCode": {
    "IncludeFilePath": "../ReadmeFiles/ReadmeAboutTheCode.md"
  },

  /* It either can be a text or link to another readme file */
  "ReadmeAzureDeploy": {
    "IncludeFilePath": ""
  },

  /* It either can be a text or link to another readme file */
  "ReadmeExploreTheSample": {
    "IncludeFilePath": "../ReadmeFiles/ReadmeExploreTheSample.md"
  },

  /* It either can be a text or link to another readme file */
  "ReadmeLearnMore": {
    "IncludeFilePath": ""
  },

  /*
    This section describes the Azure AD Applications to configure, and their dependencies
  */
  "AADApps": [
    {
      "Id": "service",
      "Name": "WebApi_MultiTenant_v2",
      "Kind": "WebApi",
      "HomePage": "https://localhost:44351/",
      "ReplyUrls": "https://localhost:44351/api/Home",
      "Audience": "AzureADMultipleOrgs",
      "PasswordCredentials": "Auto",
      "RequiredResourcesAccess": [
        {
          "Resource": "Microsoft Graph",
          "DelegatedPermissions": [ "User.Read.All" ]
        }
      ],
      "Scopes": [ "ToDoList.Read", "ToDoList.ReadWrite" ],
      "AppRoles": [
        {
          "AllowedMemberTypes": [ "Application" ],
          "Name": "ToDoList.Read.All",
          "Description": "Allow application to read all ToDo list items"
        },
        {
          "AllowedMemberTypes": [ "Application" ],
          "Name": "ToDoList.ReadWrite.All",
          "Description": "Allow application to read and write into ToDo list"
        }
      ],
      "ManualSteps": [
        {
          "Comment": "Navigate to the API Permissions page and select 'Grant admin consent for (your tenant)' to User.Read.All permission for Graph API"
        },
        {
          "Comment": "Open the service project's appsettings.json and update 'AllowedTenants' with your tenant id."
        }
      ],
      "SampleSubPath": "4-WebApp-your-API\\4-3-AnyOrg\\TodoListService",
      "ProjectDirectory": "\\TodoListService",
      "OptionalClaims": {
        "AccessTokenClaims": [ "idtyp" ]
      }
    },
    {
      "Id": "client",
      "Name": "WebApp_MultiTenant_v2",
      "Kind": "WebApp",
      "HomePage": "https://localhost:44321/",
      "ReplyUrls": "https://localhost:44321/,https://localhost:44321/signin-oidc",
      "LogoutUrl": "https://localhost:44321/signout-callback-oidc",
      "Audience": "AzureADMultipleOrgs",
      "PasswordCredentials": "Auto",
      "RequiredResourcesAccess": [
        {
          "Resource": "service",
          "DelegatedPermissions": [ "ToDoList.Read", "ToDoList.ReadWrite" ]
        }
      ],
      "OptionalClaims": {
        "IdTokenClaims": [ "acct" ]
      },
      "Certificate": "the name will be assigned automatically by PowerShell script and it will be equal to the Application name",
      "ManualSteps": [],
      "SampleSubPath": "4-WebApp-your-API\\4-3-AnyOrg",
      "ProjectDirectory": "\\ToDoListClient"
    }
  ],
  /*
    This section describes how to update the code in configuration files from the apps coordinates, once the apps
    are created in Azure AD.
    Each section describes a configuration file, for one of the apps, it's type (XML, JSon, plain text), its location
    with respect to the root of the sample, and the mappping (which string in the config file is mapped to which value
  */
  "CodeConfiguration": [
    {
      "App": "service",
      "SettingKind": "Text",
      "SettingFile": "\\..\\ToDoListService\\appsettings.json",
      "Mappings": [
        {
          "key": "Domain",
          "value": "$tenantName"
        },
        {
          "key": "TenantId",
          "value": "'common'"
        },
        {
          "key": "ClientId",
          "value": "service.AppId"
        },
        {
          "key": "ClientSecret",
          "value": "service.AppKey"
        }
      ]
    },
    {
      "App": "client",
      "SettingKind": "JSON",
      "SettingFile": "\\..\\ToDoListClient\\appsettings.json",
      "Mappings": [
        {
          "key": "ClientId",
          "value": ".AppId"
        },
        {
          "key": "TenantId",
          "value": "'common'"
        },
        {
          "key": "Domain",
          "value": "$tenantName"
        },
        {
          "key": "ClientSecret",
          "value": ".AppKey"
        },
        {
          "Key": "RedirectUri",
          "value": "client.HomePage"
        },
        {
          "key": "TodoListServiceScope",
          "value": "service.ScopeDefault"
        },
        {
          "Key": "TodoListServiceAppId",
          "value": "service.AppId"
        },
        {
          "Key": "TodoListBaseAddress",
          "value": "service.HomePage"
        },
        {
          "Key": "AdminConsentRedirectApi",
          "value": "service.ReplyUrls"
        }
      ]
    }
  ]
}
