{
  "Sample": {
    "Title": "Enable your ASP.NET Core web app to sign in users and call Microsoft Graph with the Microsoft identity platform",
    "Level": 200,
    "Client": "ASP.NET Core Web App",
    "Service": "Microsoft Graph",
    "RepositoryUrl": "active-directory-aspnetcore-webapp-openidconnect-v2",
    "Endpoint": "AAD v2.0"
  },

  /*
    This section describes the Azure AD Applications to configure, and their dependencies
  */
  "AADApps": [
    {
      "Id": "webApp",
      "Name": "WebApp-OpenIDConnect-DotNet-graph-v2",
      "Kind": "WebApp",
      "HomePage": "https://localhost:44321/",
      "ReplyUrls": "https://localhost:44321/, https://localhost:44321/signin-oidc",
      "LogoutUrl": "https://localhost:44321/signout-oidc",
      "PasswordCredentials": "Auto",
      "RequiredResourcesAccess": [
        {
          "Resource": "Microsoft Graph",
          "DelegatedPermissions": [ "User.Read" ]
        }
      ]
    }
  ],

  /*
    This section describes how to update the code in configuration files from the apps coordinates, once the apps
    are created in Azure AD.
    Each section describes a configuration file, for one of the apps, it's type (XML, JSon, plain text), its location
    with respect to the root of the sample, and the mappping (which string in the config file is mapped to which value
  */
  "CodeConfiguration": [
    {
      "App": "webApp",
      "SettingKind": "Text",
      "SettingFile": "\\..\\appsettings.json",
      "Mappings": [
        {
          "key": "ClientId",
          "value": ".AppId"
        },
        {
          "key": "TenantId",
          "value": "$tenantId"
        },
        {
          "key": "Domain",
          "value": "$tenantName"
        },
        {
          "key": "ClientSecret",
          "value": ".AppKey"
        }
      ]
    }
  ]
}
