{
  /*
  This section describes the Azure AD  Applications to configure, and their dependencies
  */

  "Sample": {
    "Title": "Add authorization using groups & group claims to an ASP.NET Core Web app that signs-in users with the Microsoft identity platform",
    "Level": 400,
    "Client": "ASP.NET Core Web App"
  },
  "AppRegistrations": [
    {
      "x-ms-id": "microsoft-identity-platform-aspnetcore-webapp-tutorial",
      "x-ms-name": "microsoft-identity-platform-aspnetcore-webapp-tutorial",
      "x-ms-version": "2.0",
      "replyUrlsWithType": [
        {
          "url": "https://login.microsoftonline.com/common/oauth2/nativeclient",
          "type": "InstalledClient"
        }
      ],
      "requiredResourceAccess": [
        {
          "x-ms-resourceAppName": "Microsoft Graph",
          "resourceAppId": "00000003-0000-0000-c000-000000000000",
          "resourceAccess": [
            {
              "id": "e1fe6dd8-ba31-4d61-89e7-88639da4683d",
              "type": "Scope",
              "x-ms-name": "user.read"
            }
          ]
        }
      ]
    }
  ]
}
