{
  "Sample": {
    "Title": "An ASP.NET Core Web App which sign-in users with work and school or Microsoft personal accounts and calls Azure REST API and Azure Storage",
    "Level": 200,
    "Client": "ASP.NET Core Web App",
    "Service": "Azure REST Api",
    "Author":"jmprieur",
    "Platform":"aspnetcore",
    "RepositoryUrl": "active-directory-aspnetcore-webapp-openidconnect-v2",
    "Endpoint": "Microsoft identity platform",
    "Description":"An ASP.NET Core Web App which sign-in users with work and school or Microsoft personal accounts and calls Azure REST API and Azure Storage",
    "Languages": ["aspnetcore", "charp"],
    "Products": ["azure-active-directory","microsoft-identity-web","azure-resource-manager","azure-resource-graph","ms-graph"],
    "ms.author":["jmprieur"]
  },

  /*
    This section describes the Azure AD Applications to configure, and their dependencies
  */
  "AADApps": [
    {
      "Id": "webApp",
      "Name": "Azure_Api_WebApp",
      "Kind": "WebApp",
      "HomePage": "https://localhost:44321/",
      "ReplyUrls": "https://localhost:44321/, https://localhost:44321/signin-oidc",
      "LogoutUrl": "https://localhost:44321/signout-oidc",
      "PasswordCredentials": "Auto",
      "RequiredResourcesAccess": [
        {
          "Resource": "Microsoft Graph",
          "DelegatedPermissions": [ "User.Read" ]
        },
        {
          "Resource": "Windows Azure Service Management API",
          "DelegatedPermissions": [ "user_impersonation" ]
        },
        {
          "Resource": "Azure Storage",
          "DelegatedPermissions": [ "user_impersonation" ]
        }
      ]
    }
  ],

  /*
    This section describes how to update the code in configuration files from the apps coordinates, once the apps
    are created in Azure AD.
    Each section describes a configuration file, for one of the apps, it's type (XML, JSon, plain text), its location
    with respect to the root of the sample, and the mappping (which string in the config file is mapped to which value
  */
  "CodeConfiguration": [
    {
      "App": "webApp",
      "SettingKind": "JSON",
      "SettingFile": "\\..\\appsettings.json",
      "Mappings": [
        {
          "key": "ClientId",
          "value": ".AppId"
        },
        {
          "key": "TenantId",
          "value": "$tenantId"
        },
        {
          "key": "Domain",
          "value": "$tenantName"
        },
        {
          "key": "ClientSecret",
          "value": ".AppKey"
        }
      ]
    }
  ]
}
