{
  "Sample": {
    "Title": "Add authorization using app roles & roles claims to an ASP.NET Core web app that signs-in users with the Microsoft identity platform",
    "Level": 300,
    "Client": "ASP.NET Core Web App",
    "Service": "Microsoft Graph",
    "RepositoryUrl": "active-directory-aspnetcore-webapp-openidconnect-v2",
    "Endpoint": "AAD v2.0",
    "Products": [ "azure", "dotnet", "azure-active-directory", "office-graph-api" ],
    "Platform": "AspNetCore",
    "Languages": [ "csharp" ],
    "Library": [ "Microsoft.Identity.Web" ]
  },

  /*
    This section describes different regions of readme file
  */
  "ReadmeScenario": {
    "IncludeFilePath": "../ReadmeFiles/ReadmeScenario.md",
    "Image": "./ReadmeFiles/topology.png",
    /* put additional notes, will be displayed right after image*/
    "AdditionalNotesIncludeFilePath": ""
  },

  "ReadmePrerequirements": {
    "FreeText": "",
    "IncludeFilePath": ""
  },

  "ReadmeSetup": {
    "FreeText": "",
    "IncludeFilePath": "",
    "CertificateOption": "1", /* 1 when a certificate can be used instead of secret*/
    "CreateProjectIncludeFilePath": "",
    "AppRegistrationIncludeFilePath": "",
    "RunSampleIncludeFilePath": ""
  },

  /* It either can be a text or link to another readme file */
  "ReadmeTroubleshooting": {
    "IncludeFilePath": ""
  },

  /* It either can be a text or link to another readme file */
  "ReadmeNextSteps": {
    "FreeText": "",
    "IncludeFilePath": ""
  },

  /* It either can be a text or link to another readme file */
  "ReadmeContributing": {
    "FreeText": "",
    "IncludeFilePath": ""
  },

  /* It either can be a text or link to another readme file */
  "ReadmeHowTheCodeWasCreated": {
    "IncludeFilePath": "../ReadmeFiles/ReadmeHowTheCodeWasCreated.md"
  },

  /* It either can be a text or link to another readme file */
  "ReadmeAboutTheCode": {
    "IncludeFilePath": "../ReadmeFiles/ReadmeAboutTheCode.md"
  },

  /* It either can be a text or link to another readme file */
  "ReadmeAzureDeploy": {
    "IncludeFilePath": "../ReadmeFiles/ReadmeHowToDeploy.md"
  },

  /* It either can be a text or link to another readme file */
  "ReadmeExploreTheSample": {
    "IncludeFilePath": "../ReadmeFiles/ReadmeExploreTheSample.md"
  },

  /* It either can be a text or link to another readme file */
  "ReadmeLearnMore": {
    "IncludeFilePath": ""
  },

  /*
    This section describes the Azure AD Applications to configure, and their dependencies
  */
  "AADApps": [
    {
      "Id": "webApp",
      "Name": "WebApp-RolesClaims",
      "Kind": "WebApp",
      "Audience": "AzureADMyOrg",
      "HomePage": "https://localhost:44321/",
      "ReplyUrls": "https://localhost:44321/, https://localhost:44321/signin-oidc",
      "LogoutUrl": "https://localhost:44321/signout-oidc",
      "PasswordCredentials": "Auto",
      "AppRoles": [
        {
          "AllowedMemberTypes": [ "User" ],
          "Name": "UserReaders",
          "Description": "User readers can read basic profiles of all users in the directory."
        },
        {
          "AllowedMemberTypes": [ "User" ],
          "Name": "DirectoryViewers",
          "Description": "Directory viewers can view objects in the whole directory."
        }
      ],
      "RequiredResourcesAccess": [
        {
          "Resource": "Microsoft Graph",
          "DelegatedPermissions": [ "User.Read", "User.ReadBasic.All" ]
        }
      ],
      "ManualSteps": [
        {
          "Comment": "To receive the 'roles' claim with the name of the App Roles this user is assigned to, make sure that the user accounts you plan to sign-in to this app is assigned to the app roles of this SPA app. The guide, https://aka.ms/userassignmentrequired provides step by step instructions."
        },
        {
          "Comment": "Or you can run the .\\CreateUsersAndAssignRoles.ps1 command to automatically create a number of users, and assign these users to the app roles of this app."
        }
      ],
      "SampleSubPath":"5-WebApp-AuthZ\\5-1-Roles",
      "OptionalClaims": {
        "IdTokenClaims": [ "acct" ]
      }
    }
  ],

  /*
    This section describes how to update the code in configuration files from the apps coordinates, once the apps
    are created in Azure AD.
    Each section describes a configuration file, for one of the apps, it's type (XML, JSon, plain text), its location
    with respect to the root of the sample, and the mappping (which string in the config file is mapped to which value
  */
  "CodeConfiguration": [
    {
      "App": "webApp",
      "SettingKind": "JSon",
      "SettingFile": "\\..\\appsettings.json",
      "Mappings": [
        {
          "key": "ClientId",
          "value": ".AppId"
        },
        {
          "key": "TenantId",
          "value": "$tenantId"
        },
        {
          "key": "Domain",
          "value": "$tenantName"
        },
        {
          "key": "ClientSecret",
          "value": ".AppKey"
        }
      ]
    }
  ]
}
